uid_0,adid_8376
uid_0,adid_7961
uid_0,adid_4969
uid_0,adid_4242
uid_0,adid_6890
uid_0,adid_663
uid_0,adid_6634
uid_1,adid_2281
uid_1,adid_9558
uid_1,adid_4617
uid_1,adid_8268
uid_1,adid_3578
uid_1,adid_1553
uid_1,adid_5866
uid_1,adid_2289
uid_2,adid_4104
uid_2,adid_9861
uid_2,adid_5081
uid_2,adid_8725
uid_2,adid_1208
uid_2,adid_5409
uid_2,adid_2407
uid_2,adid_7735
uid_2,adid_9171
uid_2,adid_1618
uid_3,adid_5796
uid_3,adid_7113
uid_4,adid_8541
uid_4,adid_9052
uid_4,adid_3350
uid_4,adid_7253
uid_4,adid_7815
uid_4,adid_4267
uid_5,adid_8989
uid_6,adid_1528
uid_7,adid_5458
uid_7,adid_1031
uid_7,adid_18
uid_7,adid_8086
uid_7,adid_3130
uid_7,adid_5328
uid_7,adid_3996
uid_8,adid_1318
uid_8,adid_1494
uid_8,adid_8322
uid_8,adid_3632
uid_8,adid_8016
uid_8,adid_3909
uid_8,adid_2334
uid_8,adid_7339
uid_8,adid_5243
uid_8,adid_8896
uid_9,adid_4938
uid_9,adid_9031
uid_10,adid_8969
uid_10,adid_5451
uid_10,adid_8852
uid_10,adid_2044
uid_10,adid_3329
uid_11,adid_6306
uid_11,adid_1501
uid_11,adid_4712
uid_11,adid_9431
uid_11,adid_5194
uid_11,adid_8965
uid_11,adid_9769
uid_11,adid_9627
uid_11,adid_7290
uid_11,adid_3966
uid_12,adid_3059
uid_12,adid_4260
uid_12,adid_540
uid_12,adid_3102
uid_12,adid_3012
uid_13,adid_6410
uid_13,adid_1131
uid_13,adid_633
uid_13,adid_1471
uid_13,adid_2450
uid_13,adid_8857
uid_13,adid_2133
uid_13,adid_1314
uid_14,adid_8549
uid_14,adid_4509
uid_14,adid_7382
uid_14,adid_9663
uid_14,adid_4515
uid_14,adid_9497
uid_14,adid_3858
uid_14,adid_3525
uid_14,adid_6871
uid_15,adid_9618
uid_15,adid_1889
uid_15,adid_5493
uid_15,adid_1349
uid_15,adid_5313
uid_15,adid_3119
uid_15,adid_5855
uid_15,adid_7969
uid_16,adid_4440
uid_16,adid_1919
uid_16,adid_3612
uid_16,adid_265
uid_17,adid_5448
uid_17,adid_1018
uid_17,adid_6981
uid_17,adid_2793
uid_17,adid_1648
uid_17,adid_2397
uid_18,adid_9402
uid_18,adid_741
uid_18,adid_9865
uid_18,adid_8752
uid_19,adid_437
uid_19,adid_2038
uid_20,adid_9436
uid_20,adid_6409
uid_20,adid_9934
uid_20,adid_1961
uid_21,adid_1901
uid_21,adid_6064
uid_22,adid_9920
uid_23,adid_3188
uid_24,adid_2029
uid_24,adid_7851
uid_24,adid_3450
uid_25,adid_373
uid_26,adid_1146
uid_26,adid_6973
uid_26,adid_1179
uid_26,adid_4932
uid_26,adid_7144
uid_26,adid_4258
uid_26,adid_3618
uid_26,adid_5739
uid_26,adid_1662
uid_27,adid_7653
uid_27,adid_8251
uid_27,adid_1000
uid_28,adid_9772
uid_29,adid_3266
uid_29,adid_6410
uid_30,adid_9335
uid_30,adid_7704
uid_30,adid_3332
uid_30,adid_5874
uid_30,adid_2775
uid_31,adid_2592
uid_32,adid_8674
uid_32,adid_5608
uid_32,adid_4107
uid_33,adid_9777
uid_33,adid_7246
uid_34,adid_216
uid_34,adid_6715
uid_34,adid_7727
uid_35,adid_7503
uid_35,adid_5102
uid_35,adid_8332
uid_35,adid_9184
uid_35,adid_203
uid_35,adid_5851
uid_35,adid_1295
uid_35,adid_6367
uid_35,adid_4111
uid_35,adid_2513
uid_36,adid_3934
uid_36,adid_748
uid_36,adid_4601
uid_36,adid_7894
uid_36,adid_8918
uid_36,adid_2209
uid_37,adid_9671
uid_37,adid_5885
uid_37,adid_2168
uid_37,adid_5083
uid_37,adid_9996
uid_37,adid_4716
uid_38,adid_1322
uid_38,adid_24
uid_38,adid_5478
uid_38,adid_9741
uid_38,adid_6789
uid_38,adid_2622
uid_38,adid_3150
uid_39,adid_7342
uid_39,adid_9308
uid_39,adid_6203
uid_39,adid_3655
uid_40,adid_9297
uid_40,adid_516
uid_40,adid_6852
uid_40,adid_6590
uid_40,adid_7296
uid_40,adid_766
uid_40,adid_2714
uid_41,adid_4247
uid_41,adid_2583
uid_42,adid_637
uid_42,adid_8643
uid_42,adid_9895
uid_42,adid_7983
uid_42,adid_1
uid_42,adid_9198
uid_42,adid_5340
uid_42,adid_8103
uid_43,adid_8987
uid_43,adid_6801
uid_43,adid_816
uid_43,adid_3080
uid_43,adid_7649
uid_44,adid_2138
uid_44,adid_241
uid_45,adid_6840
uid_45,adid_5180
uid_45,adid_3498
uid_45,adid_8656
uid_45,adid_55
uid_45,adid_38
uid_45,adid_234
uid_46,adid_1602
uid_46,adid_3120
uid_46,adid_3252
uid_46,adid_1948
uid_46,adid_9967
uid_46,adid_7792
uid_46,adid_4587
uid_46,adid_2985
uid_46,adid_4954
uid_46,adid_1641
uid_47,adid_1896
uid_47,adid_7421
uid_47,adid_4202
uid_47,adid_2185
uid_47,adid_4500
uid_47,adid_1332
uid_47,adid_357
uid_48,adid_4561
uid_48,adid_666
uid_48,adid_304
uid_48,adid_3370
uid_48,adid_5686
uid_48,adid_693
uid_48,adid_2530
uid_48,adid_1885
uid_48,adid_4254
uid_49,adid_9297
uid_49,adid_6102
uid_49,adid_8101
uid_49,adid_7514
uid_49,adid_9954
uid_49,adid_5156
uid_49,adid_688
uid_49,adid_7134
uid_49,adid_6011
uid_50,adid_2268
uid_50,adid_4446
uid_50,adid_9619
uid_50,adid_3405
uid_50,adid_145
uid_50,adid_2474
uid_50,adid_6153
uid_50,adid_4768
uid_50,adid_2921
uid_51,adid_5541
uid_51,adid_1535
uid_51,adid_5529
uid_51,adid_6016
uid_51,adid_675
uid_51,adid_584
uid_52,adid_9559
uid_52,adid_2684
uid_52,adid_5913
uid_52,adid_2448
uid_52,adid_4743
uid_53,adid_790
uid_53,adid_4807
uid_53,adid_2124
uid_53,adid_8986
uid_53,adid_1882
uid_53,adid_3927
uid_53,adid_7832
uid_54,adid_2942
uid_54,adid_8569
uid_54,adid_1161
uid_54,adid_4958
uid_54,adid_6605
uid_55,adid_9188
uid_55,adid_4902
uid_55,adid_7883
uid_55,adid_6794
uid_55,adid_1628
uid_55,adid_1780
uid_56,adid_7849
uid_56,adid_2036
uid_56,adid_1900
uid_56,adid_5522
uid_56,adid_6988
uid_56,adid_8154
uid_56,adid_619
uid_56,adid_5630
uid_57,adid_2550
uid_57,adid_2728
uid_57,adid_9248
uid_57,adid_6153
uid_57,adid_5489
uid_58,adid_1078
uid_58,adid_1387
uid_59,adid_128
uid_59,adid_3621
uid_59,adid_6304
uid_59,adid_1001
uid_60,adid_9117
uid_60,adid_6452
uid_61,adid_9582
uid_61,adid_6931
uid_61,adid_1370
uid_61,adid_3559
uid_61,adid_4748
uid_61,adid_8005
uid_61,adid_3606
uid_61,adid_7348
uid_61,adid_6034
uid_62,adid_2729
uid_62,adid_7065
uid_62,adid_3144
uid_62,adid_9588
uid_62,adid_5873
uid_63,adid_452
uid_63,adid_1046
uid_64,adid_3537
uid_64,adid_6520
uid_64,adid_3304
uid_64,adid_4202
uid_64,adid_7399
uid_64,adid_3395
uid_64,adid_689
uid_64,adid_1948
uid_64,adid_8144
uid_65,adid_5925
uid_65,adid_6193
uid_65,adid_2397
uid_65,adid_2479
uid_65,adid_1716
uid_65,adid_9768
uid_65,adid_8952
uid_65,adid_7510
uid_65,adid_1714
uid_65,adid_3243
uid_66,adid_8116
uid_66,adid_8539
uid_66,adid_5283
uid_66,adid_6650
uid_66,adid_9239
uid_66,adid_2431
uid_66,adid_8166
uid_66,adid_6934
uid_67,adid_5574
uid_67,adid_5272
uid_67,adid_8893
uid_67,adid_3584
uid_67,adid_5214
uid_67,adid_9990
uid_67,adid_3309
uid_67,adid_159
uid_68,adid_8603
uid_69,adid_9872
uid_69,adid_2554
uid_69,adid_4208
uid_70,adid_4823
uid_70,adid_7707
uid_70,adid_1386
uid_70,adid_8462
uid_70,adid_9551
uid_70,adid_1087
uid_70,adid_645
uid_71,adid_3687
uid_71,adid_2138
uid_72,adid_4922
uid_73,adid_7349
uid_74,adid_6083
uid_74,adid_6262
uid_74,adid_7548
uid_74,adid_8273
uid_74,adid_2632
uid_74,adid_2438
uid_75,adid_550
uid_75,adid_1251
uid_75,adid_8231
uid_75,adid_6985
uid_75,adid_9832
uid_75,adid_9402
uid_75,adid_1485
uid_75,adid_8486
uid_75,adid_3376
uid_76,adid_6845
uid_76,adid_9807
uid_76,adid_8772
uid_76,adid_7900
uid_76,adid_6366
uid_77,adid_4955
uid_77,adid_2981
uid_77,adid_5450
uid_77,adid_9607
uid_77,adid_3826
uid_77,adid_3
uid_77,adid_335
uid_77,adid_8304
uid_77,adid_9343
uid_77,adid_4169
uid_78,adid_8085
uid_78,adid_4292
uid_79,adid_6286
uid_79,adid_6685
uid_79,adid_6294
uid_79,adid_1020
uid_79,adid_2683
uid_80,adid_5472
uid_80,adid_4703
uid_80,adid_3914
uid_81,adid_588
uid_82,adid_2480
uid_82,adid_9862
uid_82,adid_2308
uid_82,adid_1337
uid_82,adid_5779
uid_82,adid_6736
uid_82,adid_8058
uid_82,adid_6846
uid_83,adid_7639
uid_84,adid_1662
uid_84,adid_2480
uid_84,adid_331
uid_84,adid_7715
uid_84,adid_7518
uid_84,adid_531
uid_84,adid_770
uid_85,adid_1725
uid_85,adid_8033
uid_85,adid_2174
uid_85,adid_5679
uid_85,adid_5306
uid_85,adid_3194
uid_85,adid_1818
uid_85,adid_985
uid_85,adid_6281
uid_85,adid_8997
uid_86,adid_7654
uid_86,adid_8503
uid_86,adid_2036
uid_86,adid_6351
uid_86,adid_1991
uid_86,adid_4855
uid_86,adid_3098
uid_86,adid_2082
uid_86,adid_4813
uid_86,adid_5535
uid_87,adid_6422
uid_88,adid_731
uid_88,adid_6087
uid_88,adid_5841
uid_88,adid_7965
uid_88,adid_3120
uid_88,adid_1234
uid_88,adid_655
uid_88,adid_7462
uid_89,adid_8520
uid_89,adid_9368
uid_89,adid_3538
uid_89,adid_9326
uid_89,adid_436
uid_90,adid_1531
uid_90,adid_6883
uid_90,adid_8580
uid_90,adid_8231
uid_91,adid_6809
uid_91,adid_9273
uid_91,adid_2386
uid_91,adid_5002
uid_91,adid_1376
uid_91,adid_6979
uid_91,adid_1716
uid_91,adid_1858
uid_91,adid_6914
uid_92,adid_1625
uid_92,adid_6802
uid_93,adid_503
uid_93,adid_7319
uid_93,adid_7062
uid_94,adid_1152
uid_94,adid_5775
uid_94,adid_8136
uid_94,adid_4138
uid_94,adid_5316
uid_94,adid_1286
uid_94,adid_493
uid_95,adid_5886
uid_95,adid_481
uid_96,adid_1155
uid_96,adid_2914
uid_96,adid_3776
uid_96,adid_5699
uid_96,adid_5993
uid_96,adid_163
uid_97,adid_403
uid_97,adid_2018
uid_97,adid_52
uid_97,adid_6047
uid_97,adid_3355
uid_97,adid_3407
uid_97,adid_9909
uid_97,adid_117
uid_97,adid_4804
uid_97,adid_2347
uid_98,adid_7439
uid_98,adid_2324
uid_98,adid_1841
uid_98,adid_3063
uid_99,adid_2132
uid_99,adid_5934
uid_99,adid_3409
uid_99,adid_4230
uid_99,adid_5643
uid_99,adid_457
uid_99,adid_7755
uid_99,adid_5488
